{"cameraMode":{"drawMode":0,"name":"Shaded","section":"Shading Mode"},"sceneLighting":true,"audioPlay":false,"sceneViewState":{"showFog":true,"showMaterialUpdate":true,"showSkybox":true,"showFlares":true,"showImageEffects":true,"showParticleSystems":true},"in2DMode":false,"pivot":{"x":0.6887421607971191,"y":0.5021724700927734,"z":-0.5542230606079102},"rotation":{"x":0.2399466335773468,"y":-0.2617885172367096,"z":0.06737537682056427,"w":0.9323910474777222},"size":9.306300163269043,"orthographic":false}