{"cameraMode":{"drawMode":0,"name":"Shaded","section":"Shading Mode"},"sceneLighting":true,"audioPlay":false,"sceneViewState":{"showFog":true,"showMaterialUpdate":true,"showSkybox":true,"showFlares":true,"showImageEffects":true,"showParticleSystems":true},"in2DMode":false,"pivot":{"x":-2.7648158073425295,"y":2.919968366622925,"z":-2.905421257019043},"rotation":{"x":-0.12108656764030457,"y":-0.6812589168548584,"z":0.11575779318809509,"w":-0.7126196026802063},"size":-0.8345643877983093,"orthographic":false}