{"cameraMode":{"drawMode":0,"name":"Shaded","section":"Shading Mode"},"sceneLighting":true,"audioPlay":false,"sceneViewState":{"showFog":true,"showMaterialUpdate":true,"showSkybox":true,"showFlares":true,"showImageEffects":true,"showParticleSystems":true},"in2DMode":false,"pivot":{"x":0.09438753128051758,"y":0.8882091045379639,"z":-1.101203441619873},"rotation":{"x":0.14593470096588136,"y":0.27231088280677798,"z":-0.04182400926947594,"w":0.9501582384109497},"size":5.409023761749268,"orthographic":false}