{"cameraMode":{"drawMode":0,"name":"Shaded","section":"Shading Mode"},"sceneLighting":false,"audioPlay":false,"sceneViewState":{"showFog":true,"showMaterialUpdate":true,"showSkybox":false,"showFlares":true,"showImageEffects":true,"showParticleSystems":true},"in2DMode":false,"pivot":{"x":1.0365004539489747,"y":1.5329999923706055,"z":0.0},"rotation":{"x":0.21159332990646363,"y":0.4766555726528168,"z":-0.1193673312664032,"w":0.8448545336723328},"size":19.16939353942871,"orthographic":false}