{"cameraMode":{"drawMode":0,"name":"Shaded","section":"Shading Mode"},"sceneLighting":true,"audioPlay":false,"sceneViewState":{"showFog":true,"showMaterialUpdate":true,"showSkybox":true,"showFlares":true,"showImageEffects":true,"showParticleSystems":true},"in2DMode":false,"pivot":{"x":2.1440789699554445,"y":1.7507526874542237,"z":-0.9802899360656738},"rotation":{"x":-0.18223530054092408,"y":-0.08132654428482056,"z":0.015129384584724903,"w":-0.9797691106796265},"size":3.418511390686035,"orthographic":false}