{"cameraMode":{"drawMode":0,"name":"Shaded","section":"Shading Mode"},"sceneLighting":true,"audioPlay":false,"sceneViewState":{"showFog":true,"showMaterialUpdate":true,"showSkybox":true,"showFlares":true,"showImageEffects":true,"showParticleSystems":true},"in2DMode":false,"pivot":{"x":0.09438753128051758,"y":0.8882091045379639,"z":-1.101203441619873},"rotation":{"x":0.14593468606472016,"y":0.27231085300445559,"z":-0.04182400554418564,"w":0.9501581788063049},"size":5.709023952484131,"orthographic":false}