{"cameraMode":{"drawMode":0,"name":"Shaded","section":"Shading Mode"},"sceneLighting":true,"audioPlay":false,"sceneViewState":{"showFog":true,"showMaterialUpdate":true,"showSkybox":true,"showFlares":true,"showImageEffects":true,"showParticleSystems":true},"in2DMode":false,"pivot":{"x":-0.07774317264556885,"y":0.09929418563842774,"z":-1.2963457107543946},"rotation":{"x":0.2399466335773468,"y":-0.2617885172367096,"z":0.06737537682056427,"w":0.9323910474777222},"size":6.69607400894165,"orthographic":false}