{"cameraMode":{"drawMode":0,"name":"Shaded","section":"Shading Mode"},"sceneLighting":true,"audioPlay":false,"sceneViewState":{"showFog":true,"showMaterialUpdate":true,"showSkybox":true,"showFlares":true,"showImageEffects":true,"showParticleSystems":true},"in2DMode":false,"pivot":{"x":-1.0104891061782838,"y":1.4896633625030518,"z":-0.857807993888855},"rotation":{"x":-0.1424933820962906,"y":0.1784215271472931,"z":-0.02612815424799919,"w":-0.9732311367988586},"size":4.410569190979004,"orthographic":false}