{"cameraMode":{"drawMode":0,"name":"Shaded","section":"Shading Mode"},"sceneLighting":true,"audioPlay":false,"sceneViewState":{"showFog":true,"showMaterialUpdate":true,"showSkybox":true,"showFlares":true,"showImageEffects":true,"showParticleSystems":true},"in2DMode":false,"pivot":{"x":1.0266571044921876,"y":-0.5551333427429199,"z":1.1092677116394044},"rotation":{"x":-0.2441064566373825,"y":0.14107699692249299,"z":-0.035919200628995898,"w":-0.9587589502334595},"size":5.2925496101379398,"orthographic":false}