{"cameraMode":{"drawMode":0,"name":"Shaded","section":"Shading Mode"},"sceneLighting":false,"audioPlay":false,"sceneViewState":{"showFog":true,"showMaterialUpdate":true,"showSkybox":false,"showFlares":true,"showImageEffects":true,"showParticleSystems":true},"in2DMode":false,"pivot":{"x":-2.176377773284912,"y":1.0120000839233399,"z":-0.16966651380062104},"rotation":{"x":-0.21460330486297608,"y":-0.42426735162734988,"z":0.10422859340906143,"w":-0.8735439777374268},"size":0.375983327627182,"orthographic":false}