{"cameraMode":{"drawMode":0,"name":"Shaded","section":"Shading Mode"},"sceneLighting":true,"audioPlay":false,"sceneViewState":{"showFog":true,"showMaterialUpdate":true,"showSkybox":true,"showFlares":true,"showImageEffects":true,"showParticleSystems":true},"in2DMode":false,"pivot":{"x":-1.2488961219787598,"y":1.3469040393829346,"z":-0.2554314136505127},"rotation":{"x":0.21159332990646363,"y":0.4766555726528168,"z":-0.1193673312664032,"w":0.8448545336723328},"size":2.726116418838501,"orthographic":false}