{"cameraMode":{"drawMode":0,"name":"Shaded","section":"Shading Mode"},"sceneLighting":false,"audioPlay":false,"sceneViewState":{"showFog":true,"showMaterialUpdate":true,"showSkybox":false,"showFlares":true,"showImageEffects":true,"showParticleSystems":true},"in2DMode":false,"pivot":{"x":2.586402654647827,"y":0.4896452724933624,"z":-1.1724755764007569},"rotation":{"x":-0.15480297803878785,"y":0.3916260898113251,"z":-0.06702258437871933,"w":-0.9045292139053345},"size":0.8570985198020935,"orthographic":false}